Top queries,Clicks,Impressions,CTR,Position
divide land into plots online,7,18,38.89%,1.56
escalation calculator,6,98,6.12%,7.72
construction escalation calculator,6,14,42.86%,3.14
divide land into plots online free,6,12,50%,2.33
wifi password generator,5,265,1.89%,13.92
wifi password generate,3,58,5.17%,8.28
hsl sliders,3,11,27.27%,7.82
land division calculator,2,48,4.17%,5.9
smps calculator,2,44,4.55%,8.8
parking space calculator,2,9,22.22%,6.56
plot divider online,2,3,66.67%,1.33
plot divider,1,180,0.56%,7.99
hsl color picker,1,124,0.81%,11.66
password strength meter,1,118,0.85%,16.17
shotok to decimal converter,1,83,1.2%,8.73
word frequency counter,1,70,1.43%,13.13
wifi password creator,1,68,1.47%,29.25
voltage drop calculator,1,63,1.59%,71.52
cost to subdivide land,1,62,1.61%,10.08
generate wifi password,1,59,1.69%,15.2
f1 score calculator online,1,35,2.86%,5.29
data rate,1,32,3.12%,49.81
short circuit calculator,1,28,3.57%,75.5
shadow length calculator,1,25,4%,8.88
escalator calculator,1,25,4%,12.6
hue slider,1,24,4.17%,11.17
hex to rgb converter online,1,22,4.55%,26.5
fh pasword generator,1,18,5.56%,7.44
ha to acre,1,16,6.25%,43.81
parking lot layout calculator,1,15,6.67%,16.47
land divided calculator,1,13,7.69%,7.15
wi-fi password generator,1,12,8.33%,7.33
land rate calculator,1,10,10%,10.9
land divider,1,9,11.11%,3.89
free parking lot layout calculator,1,8,12.5%,6
parking area calculator,1,5,20%,9.4
hsl editor online,1,5,20%,20.2
how to calculate shadow length with sun,1,4,25%,1
circuit breaker size calculator,1,4,25%,41
motor kw,1,4,25%,44.75
css mesh gradient,1,3,33.33%,6.67
land subdivision cost,1,3,33.33%,12
parking lot calculator,1,3,33.33%,17.67
shadow calculation,1,3,33.33%,32.33
boundary wall calculation formula,1,2,50%,3.5
how much kva generator is required for 1.5 ton ac,1,2,50%,7.5
cost escalation formula,1,2,50%,18.5
how to calculate map scale in geography,1,2,50%,21
escalation cost calculator,1,1,100%,3
text clipboard online,1,1,100%,3
сайты скинь,1,1,100%,3
random hex color generator,1,1,100%,9
facade calculator,1,1,100%,38
keyword density checker,0,1044,0%,30.15
word count,0,976,0%,40.24
keyword density tool,0,933,0%,20.82
keyword density,0,685,0%,41.46
keyword density checker tool,0,601,0%,31.93
check keyword density,0,569,0%,30.46
prime number checker,0,553,0%,11.18
keyword density analyzer,0,505,0%,28.44
keyword density analysis tool,0,375,0%,29.24
essay word counter,0,359,0%,30.37
keyword density checker tools,0,331,0%,35.94
keyword density analysis,0,329,0%,29.88
word count checker,0,322,0%,33.46
keywords density checker tool,0,312,0%,33.32
words count,0,308,0%,32.09
keywords density analysis,0,304,0%,29.29
keyword density tool checker,0,300,0%,30.94
keyword density check,0,295,0%,29.77
word count tool,0,291,0%,35.09
tool keyword density,0,283,0%,31.64
keyword density tool seo,0,279,0%,30.87
keyword density analyzer tool,0,275,0%,30.29
word density,0,253,0%,23.9
word counter for essays,0,222,0%,27.63
keyword density tools,0,220,0%,33.04
work counter,0,211,0%,30.04
word density checker,0,203,0%,28.41
count words,0,197,0%,27.85
seo tool keyword density,0,184,0%,33.24
matrix calculator,0,180,0%,37.33
keyword density seo tool,0,171,0%,36.26
keywords density tool,0,164,0%,34.91
acres to hectares,0,158,0%,27.37
keyword density percent,0,158,0%,37.42
count words in text,0,152,0%,25.63
length of word,0,151,0%,23.36
0.25 acres to sq ft,0,147,0%,9.09
bandwidth calculator,0,147,0%,29.82
check keywords density,0,146,0%,35.01
keywords density,0,146,0%,37.71
keyword density seo,0,142,0%,39.13
analyze keyword density,0,138,0%,22.71
kw density checker,0,134,0%,29.57
1 acre to decimal,0,133,0%,9.92
word counters,0,133,0%,36.68
how many words is this,0,133,0%,46.91
hectares to acres,0,130,0%,43.2
paragraph word count,0,126,0%,25.97
seo keywords density,0,126,0%,38.12
ups calculator,0,126,0%,52.1
password strength checker,0,121,0%,26.31
keyword density report,0,120,0%,33.95
word count.,0,117,0%,39.74
word counter,0,113,0%,39.99
acres to hectares converter,0,110,0%,36.55
0.5 ha to acres,0,109,0%,8.65
cloud cost,0,107,0%,69.32
seo tools keyword density,0,106,0%,31.08
lightning protection calculation,0,106,0%,48.19
calculate word count,0,105,0%,47.32
word counts,0,104,0%,42.47
box shadow generator,0,102,0%,10.68
0.5 hectares in acres,0,100,0%,9.31
password meter,0,98,0%,14.97
measure keyword density,0,97,0%,31.98
calculating keyword density,0,97,0%,38.56
keyword frequency counter,0,93,0%,10.87
keyword density calculation,0,91,0%,46.05
lightning protection calculation software,0,91,0%,61.4
rental property calculator,0,91,0%,86.33
word count online,0,90,0%,25.73
word count',0,90,0%,39.47
calculate keyword density,0,89,0%,37.84
matrices calculator,0,86,0%,37.37
bangladesh 1 acre equals 100 decimal shotok,0,84,0%,6.83
workcounter,0,83,0%,23.55
password strength tester,0,83,0%,29.18
password strength,0,77,0%,28.48
word length,0,77,0%,32.21
hectare to acre,0,77,0%,42.4
word tracker,0,77,0%,46.57
cloud service pricing,0,77,0%,67.08
cloud costs,0,77,0%,71.3
electrical cable size calculator,0,77,0%,77.57
word count machine,0,75,0%,29.36
keyword counter tool,0,75,0%,37.44
discount calculator,0,73,0%,25.77
acre to hectare,0,73,0%,31.22
online word count,0,72,0%,28.18
calculate bandwidth usage,0,71,0%,39.01
cloud pricing calculator,0,71,0%,71.63
work count,0,70,0%,37
paragraph formatter,0,69,0%,6.96
wire size calculator,0,68,0%,65.96
0.5ha in acres,0,67,0%,9.18
density keywords,0,66,0%,46.98
best keyword density,0,66,0%,56.59
lightning protection system calculation,0,65,0%,45.78
2.5 hectares to acres,0,64,0%,12.25
word.count,0,64,0%,40.95
100 decimal to acre,0,63,0%,8.9
check my keyword density,0,63,0%,35.29
wprd count,0,61,0%,43.26
article word counter,0,60,0%,28.53
area measurement survey,0,60,0%,36.18
how much does excavation cost in montana,0,60,0%,86.45
lightning protection design calculation,0,59,0%,46.51
1 shotok to decimal,0,58,0%,9.29
best keyword density checker,0,58,0%,38.59
iec lightning risk assessment calculator,0,58,0%,46.5
best keyword density tool,0,58,0%,51.48
cloud pricing,0,58,0%,68.84
solar panel calculator,0,58,0%,79.07
uninterruptible power supply calculator,0,57,0%,55.63
decimal to acre,0,56,0%,10.14
keywords density analyzer,0,56,0%,31.29
bandwidth usage estimator,0,56,0%,42.46
how much does it cost to subdivide land,0,55,0%,10.85
land value calculator,0,55,0%,32.98
keyword ratio checker,0,55,0%,35.91
data migration calculator,0,55,0%,56.38
price to subdivide land,0,54,0%,12.83
password complexity checker,0,54,0%,26.96
transformer calculator,0,54,0%,62.5
cloud computing cost,0,54,0%,76.06
word length checker,0,53,0%,42.74
css box shadow generator,0,52,0%,10.15
keyword density calculator,0,52,0%,31.56
word length counter,0,51,0%,28.59
acres to ha,0,51,0%,30.78
earthing design calculator,0,51,0%,51.18
arc flash calculator,0,51,0%,68.98
word counter essay,0,50,0%,28.88
hsl slider,0,49,0%,7.61
how to check keyword density,0,49,0%,43.53
seo keyword density,0,49,0%,44.27
powerofstat keyword frequency tool,0,48,0%,7.44
word density tool,0,48,0%,27.19
essay words counter,0,48,0%,37.08
upload speed calculator,0,48,0%,44.6
cloud computing pricing,0,48,0%,73.44
f1 score calculator,0,47,0%,31.32
convert hectares to acres,0,47,0%,37.79
cloud services pricing,0,47,0%,71.15
words counter,0,46,0%,31.85
square feet to acres,0,46,0%,49.83
cost of cloud,0,46,0%,69.54
cost escalation calculator,0,45,0%,7.29
2.5hectares to acres,0,45,0%,9.04
excavation costs,0,45,0%,68.22
internet speed calculator,0,44,0%,49.68
fault loop calculator,0,44,0%,75.23
buy to let investment calculator,0,44,0%,86.84
10890 sq ft to acres,0,43,0%,9.6
circuit breaker sizes,0,43,0%,63.6
calculate backup power requirements,0,43,0%,68
cable size calculator,0,43,0%,77.56
convert acres to hectares,0,42,0%,35.62
keyword density percentage,0,42,0%,36.64
ha to acres,0,42,0%,42.9
arc flash calculation,0,42,0%,69.43
cable size,0,42,0%,75.33
how to calculate cloud computing costs,0,42,0%,80.48
cloud migration cost calculator,0,42,0%,87.76
seo keyword density tool,0,41,0%,27.12
calculate words,0,40,0%,30.75
breaker sizes,0,40,0%,63.9
rental property income calculator,0,40,0%,84.2
how much does cloud computing cost,0,40,0%,90.85
0.5 hectare to acre,0,39,0%,11.36
keyword density online,0,39,0%,17.44
backup bandwidth calculator,0,39,0%,58.62
cloud services costs,0,39,0%,66.51
cloud cost calculator,0,39,0%,66.72
cable sizing,0,39,0%,79.49
1 decimal to acre,0,38,0%,9.47
calculator matrix,0,38,0%,37.03
1 hectare to acre,0,38,0%,40.68
compute costs,0,38,0%,68.08
calculate cable size,0,38,0%,86.58
how many decimal in one acre,0,37,0%,9.35
acres to square feet,0,37,0%,47.76
count word,0,36,0%,31.83
online matrix calculator,0,36,0%,31.94
word coubt,0,36,0%,38.72
cloud services price,0,36,0%,70.47
cloud service prices,0,36,0%,72.64
10 acres to hectares,0,35,0%,19.74
password strength chart,0,35,0%,23.26
word count check,0,35,0%,27.66
cidr calculator,0,35,0%,48.89
cloud service price,0,35,0%,73.03
half acre in hectares,0,34,0%,9.03
0.5 acres to hectares,0,34,0%,9.97
hsl picker,0,34,0%,10
0.25 acre to sq ft,0,34,0%,10.62
css shadow generator,0,34,0%,12.35
2.5 hectares in acres,0,34,0%,12.68
keyword density tool text,0,34,0%,25.09
1 acre to hectare,0,34,0%,28.68
kw density,0,34,0%,39.94
wire gauge calculator,0,34,0%,66.29
cloud server pricing,0,34,0%,74.97
capacitive reactance formula xc = 1/(2πfc) educational source,0,33,0%,9.21
check discount,0,33,0%,28.88
arc flash calculation software,0,33,0%,52.61
cloud services cost,0,33,0%,71.12
voltage drop,0,33,0%,84.3
css box-shadow generator,0,32,0%,9.06
0.5 hectare in acre,0,32,0%,10.72
electrical efficiency,0,32,0%,19.12
word ocunt,0,32,0%,39.12
wird count,0,32,0%,40.25
word counter tool,0,32,0%,40.25
calculating motor power,0,32,0%,54.91
data transfer rate,0,32,0%,55.19
how to calculate relative density of soil,0,32,0%,62.28
box-shadow generator,0,31,0%,9.23
1.5 acres in hectares,0,31,0%,11.9
sentence case converter,0,31,0%,19.45
architecture calculator,0,31,0%,29.06
word counter for essay,0,31,0%,31.58
calculate value of land,0,31,0%,55.52
sentence reverser,0,30,0%,9.07
keyword frequency checker,0,30,0%,25.8
acres to hectare,0,30,0%,26.73
online keyword density checker,0,30,0%,26.73
count my words,0,30,0%,31.13
keyword density ratio,0,30,0%,46.5
fault loop impedance calculator,0,30,0%,72.93
power density,0,30,0%,80.97
box shadow css generator,0,29,0%,9.28
frequency clock,0,29,0%,38.41
number of words counter,0,29,0%,41.86
keyword frequency,0,29,0%,43.48
motor power,0,29,0%,52.07
home loan emi calculator,0,29,0%,67.14
cable sizing calculator,0,29,0%,73.14
password generator wifi,0,28,0%,20.64
2 hectares to acres,0,28,0%,25.68
word count counter,0,28,0%,27.46
password strength testing,0,28,0%,29.14
wod count,0,28,0%,36.68
data bandwidth calculator,0,28,0%,41.07
word counting,0,28,0%,45.75
acres per hectare,0,28,0%,54.07
generator sizing,0,28,0%,58.46
power efficiency,0,28,0%,64.86
short circuit current calculator,0,28,0%,72.14
free rental property calculator,0,28,0%,80.93
shotok to decimal,0,27,0%,5.93
how much does it cost to subdivide a property,0,27,0%,8.33
upside down text decoder online,0,27,0%,9.48
capitalize sentences online,0,27,0%,27.74
keyword frequency tool,0,27,0%,28.26
how many words is this text,0,27,0%,30.26
excavation cost calculator,0,27,0%,33.56
keyword density calculator tools,0,27,0%,33.81
word cpunt,0,27,0%,34.04
checking words,0,27,0%,34.89
internet speed converter,0,27,0%,40.74
arc flash assessment software,0,27,0%,47.41
circuit breaker size,0,27,0%,56.33
data transfer calculator,0,27,0%,57.19
subnet calculator cidr,0,27,0%,57.93
lightning risk assessment,0,27,0%,69.33
cloud hosting cost,0,27,0%,74.41
rental.property calculator,0,27,0%,80.78
cable length calculator,0,27,0%,81.67
plot division,0,26,0%,7.46
inductive reactance formula x_l = 2πfl authoritative,0,26,0%,9.31
acre to ha,0,26,0%,22.96
wifi key generator,0,26,0%,24.42
discount check,0,26,0%,30.27
word cont,0,26,0%,36.5
word counting tool,0,26,0%,36.62
upload calculator,0,26,0%,39.85
remove gst calculator,0,26,0%,40.12
word calculator,0,26,0%,40.73
electric motor calculator,0,26,0%,45.12
wire sizing calculator,0,26,0%,69.88
solar battery calculator,0,26,0%,71.96
word reverser,0,25,0%,9.04
20 decimals to acres,0,25,0%,10.44
password strength test,0,25,0%,29.84
word cound,0,25,0%,35.56
word coun,0,25,0%,35.88
wor count,0,25,0%,40.96
big water capacity,0,25,0%,50.28
real estate roi calculator,0,25,0%,60.44
cloud server cost,0,25,0%,76
cable size calculation,0,25,0%,81.48
cloud rechner,0,25,0%,81.84
solar panel estimate,0,25,0%,82.96
capacitive reactance formula xc = 1/(2πfc),0,24,0%,7.5
0.25 acres to square feet,0,24,0%,10.67
land price calculator,0,24,0%,18.38
secure wifi password generator,0,24,0%,24.58
text word counter,0,24,0%,25.58
keyword density tool online,0,24,0%,25.71
how many words are in this paragraph,0,24,0%,29.29
words counts,0,24,0%,31.75
checking keyword density,0,24,0%,32.62
wors count,0,24,0%,38.54
lightning protection system design calculation,0,24,0%,39.75
car parking demand calculator,0,24,0%,43.5
count checker,0,24,0%,46.42
word count for essay,0,24,0%,46.79
wordcount,0,24,0%,59.92
what size of breaker do i need,0,24,0%,74
what size breaker do i need,0,24,0%,76
calculating cable size,0,24,0%,79.04
0.37kw to watts,0,23,0%,10.17
word frequency analyzer,0,23,0%,14.13
map scale calculator,0,23,0%,20.83
wordcounttool,0,23,0%,30.87
word clunt,0,23,0%,35.65
word cout,0,23,0%,36.39
words counter for essays,0,23,0%,38.43
fiber latency calculator,0,23,0%,45.13
current divider calculator,0,23,0%,45.35
article word count,0,23,0%,46.04
keyword stuffing checker,0,23,0%,50.96
hektar to ekar,0,23,0%,51.74
excavation cost,0,23,0%,52
land development cost estimate,0,23,0%,52.26
data rates,0,23,0%,54.83
roi calculator real estate,0,23,0%,59.35
cdn cost calculator,0,23,0%,61.7
keyword tool box,0,23,0%,61.74
calculate voltage drop,0,23,0%,79.74
cost of cloud storage per tb,0,23,0%,94
construction cost escalation calculator,0,22,0%,7.18
cost to subdivide property,0,22,0%,10.41
hash generator,0,22,0%,23.5
paragraph word counter,0,22,0%,28.27
matrix operations calculator,0,22,0%,32.64
word counr,0,22,0%,38.36
online lightning risk assessment tool,0,22,0%,44.45
password tester,0,22,0%,48.32
soil volume calculation software,0,22,0%,52.59
checksum calculator,0,22,0%,54.91
battery backup calculator,0,22,0%,55.91
parking lot measurements,0,22,0%,70.55
solar panels kwh calculator,0,22,0%,73.41
timeline free program,0,22,0%,79.91
text reverser online,0,21,0%,8.33
6 shotok to decimal,0,21,0%,8.81
1acre to decimal,0,21,0%,10.62
wifi pass generator,0,21,0%,20.48
acre to hectares,0,21,0%,24.33
keyword density finder,0,21,0%,28.1
online word counts,0,21,0%,35
word coutn,0,21,0%,38.29
hectare en acre,0,21,0%,46.48
commercial excavation cost per cubic yard,0,21,0%,61.43
fence material and post calculator,0,21,0%,66.67
solar power battery calculator,0,21,0%,69.86
how many square feet in an acre,0,21,0%,79.24
earth filling,0,20,0%,12.25
kata land,0,20,0%,14.15
productive tool,0,20,0%,16.2
word frequency analysis,0,20,0%,20.1
clock frequency,0,20,0%,22.4
wordcounttools,0,20,0%,24.45
data rate calculator,0,20,0%,32.05
1000 hectares to acres,0,20,0%,34.15
wrod count,0,20,0%,34.85
parking calculator,0,20,0%,35
word cou,0,20,0%,42.75
lightning protection level calculation,0,20,0%,43.55
matrix calculation,0,20,0%,45.4
earthing calculation,0,20,0%,47.85
lightning calculation software,0,20,0%,48.3
wire calculator,0,20,0%,63.8
home battery backup calculator,0,20,0%,64.2
generator sizing calculator,0,20,0%,72.8
hosting cost calculator,0,20,0%,73.05
cable calculator,0,20,0%,75.45
solar energy calculator,0,20,0%,85.1
0.5 ha in acres,0,19,0%,8.16
quarter acre in hectares,0,19,0%,10.26
0.5 acres in hectares,0,19,0%,10.95
measure password strength,0,19,0%,15.42
2.5 ha to acres,0,19,0%,16.05
hue saturation lightness,0,19,0%,18.53
wifi router password generator,0,19,0%,18.95
password generator for wifi,0,19,0%,24.42
wifi password gen,0,19,0%,28.05
data transfer rate calculator,0,19,0%,39.84
hectares into acres,0,19,0%,43.37
text count,0,19,0%,44.47
bandwidth estimator,0,19,0%,46.84
sentence case,0,19,0%,46.95
word count tools,0,19,0%,49.63
cidr subnet calculator,0,19,0%,58.26
calculate solar energy needs,0,19,0%,72.42
solar power calculator,0,19,0%,78.95
solar panel size calculator,0,19,0%,82.05
ac cable size calculator,0,19,0%,84.53
text reverser,0,18,0%,7.61
cost of subdividing land,0,18,0%,11.72
automate word counts in a writing workflow,0,18,0%,18.94
would counter,0,18,0%,25.83
seo word count & keyword density,0,18,0%,25.89
how many words in this paragraph,0,18,0%,26.11
word counter check,0,18,0%,26.44
mortgage roi calculator,0,18,0%,26.67
total word counter,0,18,0%,28
how much words is this,0,18,0%,28.67
are online word counters accurate for academic papers?,0,18,0%,36.33
10 hectares to acres,0,18,0%,37.94
1 ha to acre,0,18,0%,38.33
network bandwidth calculator,0,18,0%,40.89
calculate matrix,0,18,0%,41.5
square feet to acres calculator,0,18,0%,45.94
network latency calculator,0,18,0%,46.83
acre to sq ft,0,18,0%,51
earthing system calculation,0,18,0%,53.94
streaming data usage calculator,0,18,0%,57.39
google cloud pricing calculator,0,18,0%,60.61
electrical wire size calculator,0,18,0%,63.22
solar battery size calculator,0,18,0%,63.5
online ups battery backup calculation,0,18,0%,63.83
turns ratio for transformer,0,18,0%,68.56
wire length calculator,0,18,0%,70.67
real estate roi analysis,0,18,0%,76.44
cloud hosting quote,0,18,0%,81
what does it cost to subdivide a property,0,17,0%,8.12
0.25 acres to sqft,0,17,0%,9
50ha in acres,0,17,0%,9.35
how much to subdivide land,0,17,0%,10.65
0.5 acre to hectare,0,17,0%,10.76
wifi generator password,0,17,0%,20.24
good wifi password generator,0,17,0%,22.59
wifi passwords generator,0,17,0%,24.35
kw density tool,0,17,0%,27
how many words counter,0,17,0%,27.94
test password strength,0,17,0%,29
matrix calculator online,0,17,0%,30.71
bandwidth utilization calculation,0,17,0%,44.12
generate secure password,0,17,0%,46.82
calculation tool,0,17,0%,48.29
ups power supply calculator,0,17,0%,48.35
electrical cable size,0,17,0%,69.59
fence material calculator,0,17,0%,70.24
lighting calculation,0,17,0%,71.59
generator size,0,17,0%,71.71
short circuit current,0,17,0%,74.94
wcag checker,0,17,0%,76.24
electrical cable size calculation,0,17,0%,76.82
data center cost calculator,0,17,0%,78.76
heat sink calculator,0,17,0%,80.24
cloud computing price,0,17,0%,82.24
property rental calculator,0,17,0%,84.82
capacitive reactance formula xc = 1/(2πfc) source educational,0,16,0%,7.62
hsl colour picker,0,16,0%,14.19
glass panel sizes,0,16,0%,16.56
writing counter,0,16,0%,21
worc counter,0,16,0%,24.75
car parking calculator,0,16,0%,25.44
1 acres to hectares,0,16,0%,26.31
word text counter,0,16,0%,26.75
check how many words,0,16,0%,30.25
count essay words,0,16,0%,31.5
essay counter,0,16,0%,33.06
word ount,0,16,0%,33.88
land price per square meter calculator uk,0,16,0%,35.75
bandwidth calc,0,16,0%,38.69
count how many words,0,16,0%,39.19
100 hectares to acres,0,16,0%,39.69
convert acre to hectare,0,16,0%,39.75
word counter checker,0,16,0%,40.06
hectareas a acres,0,16,0%,41.19
bandwidth transfer calculator,0,16,0%,44.25
square feet to acres converter,0,16,0%,44.44
bandwidth calculation,0,16,0%,46.12
word number counter,0,16,0%,47.75
excavation calculator,0,16,0%,50.81
gcp cost calculator,0,16,0%,51.81
area of land measurement,0,16,0%,55.31
parking lot spacing,0,16,0%,66.94
data transfer calculator with latency,0,16,0%,69.31
wire size calculation,0,16,0%,69.94
cable voltage drop calculator,0,16,0%,75.12
generator power calculator,0,16,0%,80.12
solar calculator,0,16,0%,80.5
how many solar panels do i need calculator,0,16,0%,84.88
voltage drop calculation,0,16,0%,85.5
land price calculator per square feet,0,15,0%,9.27
1 decimal equals 435.6 square feet bangladesh,0,15,0%,9.93
100ha to acres,0,15,0%,10.93
how much does it cost to build a subdivision,0,15,0%,16.33
motor power formula,0,15,0%,17.87
wifi password maker,0,15,0%,21.87
count words in paragraph,0,15,0%,29.27
cost escalation,0,15,0%,29.53
structural loads calculations,0,15,0%,29.67
word count reader,0,15,0%,32
25 hectares to acres,0,15,0%,32.87
acre in hectare,0,15,0%,37.13
matrix calculate,0,15,0%,37.2
1 hectare in acres,0,15,0%,38.8
matrix math calculator,0,15,0%,39.2
agricultural land value calculator,0,15,0%,43.47
big o calculator,0,15,0%,45.4
1 hectare to acres,0,15,0%,47
lightning protection calculation for substation,0,15,0%,51.07
what is the best lightning risk assessment tool,0,15,0%,52.47
excavation pricing,0,15,0%,54.2
development cost calculator,0,15,0%,54.6
rental yield calculator,0,15,0%,54.93
1 hectare to acer,0,15,0%,58.47
ip cidr calculator,0,15,0%,59.2
latency simulator,0,15,0%,67.07
heat dissipation calculator,0,15,0%,68.73
voltage drop calculator mm2,0,15,0%,70.33
how to calcuate cloud computing bandwidth requirements,0,15,0%,72.4
motor efficiency,0,15,0%,79.6
cable diameter calculator,0,15,0%,85.27
how much does it cost to divide land,0,14,0%,6.64
phase of (1 - jx) equals -arctan(x) control systems,0,14,0%,6.64
1 ton ac watt calculator,0,14,0%,7.93
0.5 hectares to acres,0,14,0%,9.57
acre to decimal,0,14,0%,10.5
word essay counter,0,14,0%,22.14
glass panel dimensions,0,14,0%,25.86
wordcounte,0,14,0%,27.21
160 acres to hectares,0,14,0%,30.93
count my word,0,14,0%,31.86
4 hectares to acres,0,14,0%,35
mortgage calculator roi,0,14,0%,36.14
online word count tool,0,14,0%,39.57
data throughput calculator,0,14,0%,40.07
1 hectares to acres,0,14,0%,41.86
lightning protection roi calculator,0,14,0%,42.43
kw to torque,0,14,0%,44.93
mpls latency calculator,0,14,0%,44.93
convert ha to acres,0,14,0%,45.36
bandwidth calculator formula,0,14,0%,47.79
secure password generator,0,14,0%,48.64
ha to ac,0,14,0%,48.79
ac cost calculator,0,14,0%,55.43
uninterrupted power supply calculator,0,14,0%,55.79
real estate investment roi calculator,0,14,0%,56.07
lightning protection calculation excel,0,14,0%,56.57
hotel bandwidth calculator,0,14,0%,58.93
lightning protection risk assessment,0,14,0%,65
cloud calculator,0,14,0%,71.21
generator size calculator,0,14,0%,73.5
generator calculator,0,14,0%,75.71
3 phase cable size calculator,0,14,0%,76.14
cloud hosting costs,0,14,0%,77.21
cable sizing calculation,0,14,0%,78.07
cloud computing costs,0,14,0%,88
how many times should i use keyword,0,14,0%,96.5
toolsbox topcoder counttools,0,13,0%,6.62
how much spave will 58 boxes that measure 24x48 take up in a room,0,13,0%,9.85
1.5 acre to hectare,0,13,0%,10
10 acres in hectares,0,13,0%,22.08
copy counter,0,13,0%,23.77
5 hectares to acres,0,13,0%,23.85
acre hectare conversion,0,13,0%,26.54
check word count,0,13,0%,27.54
wordcount online,0,13,0%,30.23
conversion acres to hectares,0,13,0%,32.38
acres in hectares,0,13,0%,34.92
confusion matrix calculator,0,13,0%,37.92
parking demand calculator,0,13,0%,39.38
ups load calculator,0,13,0%,40.69
big o notation calculator,0,13,0%,44.23
1 hectare to 1 acre,0,13,0%,45.31
username generator,0,13,0%,47.62
cidr notation calculator,0,13,0%,48.92
sq ft to acre,0,13,0%,49.15
hectare to acres,0,13,0%,49.31
essay word count,0,13,0%,50.77
gcp calculator,0,13,0%,51.15
period to frequency,0,13,0%,51.23
lightning calculation,0,13,0%,55.23
monthly emi calculator for home loan,0,13,0%,57
business bandwidth calculator,0,13,0%,58.85
led resistor calculator,0,13,0%,60.46
wire size calculator usa,0,13,0%,61.46
lightning risk assessment spreadsheet,0,13,0%,64.38
fan electricity consumption,0,13,0%,68.31
arc flash study cost estimate,0,13,0%,70.62
cloud computing cost comparison,0,13,0%,72.31
cable size calculator online,0,13,0%,75.08
earth cable size calculator,0,13,0%,82.54
fence building calculator,0,13,0%,85.46
rent investment calculator,0,13,0%,86
rental real estate calculator,0,13,0%,89.77
rental investment property calculator,0,13,0%,90.92
decimal to shotok,0,12,0%,8.25
half an acre in hectares,0,12,0%,8.67
land subdivision costs in waco,0,12,0%,12.75
shadow css generator,0,12,0%,13.33
rf power formula,0,12,0%,14.08
passwordmeter,0,12,0%,15.25
password analysis,0,12,0%,17.42
word frequency analysis tool,0,12,0%,21.25
article keyword density checker,0,12,0%,26.5
acre en hectare,0,12,0%,27.5
generator password wifi,0,12,0%,28.75
word county,0,12,0%,29.58
calculator tools,0,12,0%,32.67
5 acres to hectares,0,12,0%,33.42
word countwr,0,12,0%,33.92
1000 acres to hectares,0,12,0%,36.5
matrix online calculator,0,12,0%,36.5
hex to rgba,0,12,0%,36.58
ups capacity calculator,0,12,0%,39
eord count,0,12,0%,39.17
nfpa 780 lightning protection calculator,0,12,0%,40.5
hectare vs acre,0,12,0%,41.08
square feet to acre,0,12,0%,41.75
words counting,0,12,0%,42.58
calculate bandwidth,0,12,0%,43.25
hectares to acres formula,0,12,0%,44.42
iec 62305 calculator,0,12,0%,44.42
lightning risk assessment calculator nfpa 780,0,12,0%,45.5
one hectare to acre,0,12,0%,46.83
iec lightning risk assessment calculator download,0,12,0%,46.92
key density,0,12,0%,46.92
matrix solver,0,12,0%,48.67
lightning protection calculator,0,12,0%,48.75
data transmission calculator,0,12,0%,51.33
recall calculation,0,12,0%,51.5
how to calculate bandwidth,0,12,0%,52.33
gcp pricing calculator,0,12,0%,53.75
f1 score formula,0,12,0%,56
remote desktop bandwidth calculator,0,12,0%,56.92
20 hectares to acres,0,12,0%,57
cidr calculator subnet,0,12,0%,58.58
lightning risk calculator,0,12,0%,59.33
arc flash software,0,12,0%,60.08
bandwidth usage,0,12,0%,62.67
transformer turns ratio,0,12,0%,64.08
cloud cost comparison,0,12,0%,66.67
arc flash calculator software,0,12,0%,67.83
motor hp,0,12,0%,68.92
solar power calculator kwh,0,12,0%,69.17
latency vs throughput calculator,0,12,0%,69.58
subnet calculator,0,12,0%,69.58
cost of the cloud,0,12,0%,71.42
server cost calculator,0,12,0%,75.5
colocation pricing calculator,0,12,0%,77.58
wire sizing,0,12,0%,78.5
iaas cost,0,12,0%,84.5
free subdivision cost estimator,0,11,0%,5.18
cost to divide land,0,11,0%,7.36
escalation rate calculator,0,11,0%,8.09
1 acre decimal,0,11,0%,9.82
2.5 hectare to acre,0,11,0%,11.82
decimal land,0,11,0%,12.09
rf w to dbw,0,11,0%,17.55
hsl color editor,0,11,0%,19.45
land subdivision costs in san antonio,0,11,0%,20.27
convertir acres a hectareas,0,11,0%,23
workcount,0,11,0%,24.73
online matrix,0,11,0%,25.18
acre in ha,0,11,0%,25.82
check password strength,0,11,0%,26.18
shadow box generator,0,11,0%,26.27
word counter in a paragraph,0,11,0%,26.82
how many words checker,0,11,0%,27.82
ord counter,0,11,0%,28
how many words did i write,0,11,0%,28.27
password entropy,0,11,0%,28.55
strong password calculator,0,11,0%,29.45
6 hectares to acres,0,11,0%,30.82
count these words,0,11,0%,31.36
2 acres to hectares,0,11,0%,31.82
time complexity calculator,0,11,0%,33.91
100 acres to hectares,0,11,0%,34
matrix addition calculator,0,11,0%,35.27
5 acres in hectares,0,11,0%,35.55
3 acres to hectares,0,11,0%,37.82
forma extension parking demand calculator,0,11,0%,38
qord count,0,11,0%,39.73
acres to hectares calculator,0,11,0%,40.27
mbps bandwidth calculator,0,11,0%,41
motor power calculation,0,11,0%,41.91
site:productivetoolbox.com,0,11,0%,41.91
matrix calc,0,11,0%,43.27
ac to ha,0,11,0%,43.73
export word count reports for clients,0,11,0%,44.64
excavation volume calculator,0,11,0%,45.55
word checker,0,11,0%,45.55
hektar to acre,0,11,0%,46.64
gst calculator,0,11,0%,47.09
acre to hectare calculator,0,11,0%,47.27
soil removal calculator,0,11,0%,48.73
hectare to acre converter,0,11,0%,49.55
convert square feet to acres,0,11,0%,50
acre to square feet,0,11,0%,51.45
upload time calculator,0,11,0%,51.55
data transfer time calculator,0,11,0%,51.73
lightning protection calculation xls,0,11,0%,54.18
lightning risk assessment calculator,0,11,0%,54.18
motor power consumption,0,11,0%,54.55
parallel circuit current calculator,0,11,0%,54.82
land appraisal calculator,0,11,0%,55
bandwidth delay calculator,0,11,0%,56.73
hectare in acres,0,11,0%,58
lightning risk assessment tool,0,11,0%,59
multi-building lightning risk assessment,0,11,0%,59.64
throughput calculator,0,11,0%,59.73
lightning protection risk assessment calculator,0,11,0%,62.27
land value estimator,0,11,0%,62.82
subnet mask to cidr calculator,0,11,0%,63.73
replication bandwidth calculator,0,11,0%,66.45
fault current calculation,0,11,0%,69.18
how to calculate latency,0,11,0%,69.55
arc flash calc,0,11,0%,72.64
antenna calculator,0,11,0%,73.91
land loan calculator with down payment,0,11,0%,76
cable gauge calculator,0,11,0%,76.55
calculate roi real estate,0,11,0%,79.36
calculate size of cable,0,11,0%,83.18
cost cloud computing,0,11,0%,84
calculator for rental property,0,11,0%,86.82
heat dissipation,0,11,0%,95.27
land money calculator,0,10,0%,5.8
cursor theme tester,0,10,0%,8.4
1000ha to acres,0,10,0%,8.9
powerofstat keyword frequency service,0,10,0%,9.3
0.25 acres to hectares,0,10,0%,10.4
hsl online,0,10,0%,10.7
half acre to hectare,0,10,0%,11.3
1.5 acres to hectares,0,10,0%,12.1
shadow calculator,0,10,0%,13.5
hue saturation lightness color picker,0,10,0%,14.4
generate password wifi,0,10,0%,15
password strength calculator,0,10,0%,15
acres into hectares,0,10,0%,18.8
land subdivision costs in galveston,0,10,0%,20.7
wpa2 password generator,0,10,0%,21.7
wifi pass gen,0,10,0%,22.2
random wifi password,0,10,0%,22.8
land subdivision costs in austin,0,10,0%,23.1
land subdivision costs in texas,0,10,0%,25
how much does it cost to develop a subdivision,0,10,0%,25.7
4 acres in hectares,0,10,0%,25.9
password wifi generator,0,10,0%,26.7
8 acres in hectares,0,10,0%,27.6
count words tool,0,10,0%,30
f1 calculator,0,10,0%,32.2
acre to hectare conversion,0,10,0%,32.6
acer to hectare,0,10,0%,32.7
basement excavation cost calculator,0,10,0%,33
converting hectares to acres,0,10,0%,36.7
discount generator,0,10,0%,37
satellite latency calculator,0,10,0%,37.2
replace lightning risk excel calculator,0,10,0%,37.8
how to reach a word count,0,10,0%,38.2
ac to ha conversion,0,10,0%,38.6
calculator of matrix,0,10,0%,38.8
construction escalation,0,10,0%,40.5
soil excavation calculator,0,10,0%,42.8
bandwidth calculator online,0,10,0%,43.6
30 acres to hectares,0,10,0%,44.1
count word count,0,10,0%,44.6
ups sizing calculator,0,10,0%,49.3
bandwidth latency calculator,0,10,0%,49.6
transfer speed calculator,0,10,0%,49.7
timeline creator,0,10,0%,50.3
11 hectares to acres,0,10,0%,50.4
map calculator,0,10,0%,51.4
word number checker,0,10,0%,51.7
word counter for word,0,10,0%,52.3
latency throughput calculator,0,10,0%,53.6
nfpa 780 risk assessment,0,10,0%,54
qos bandwidth calculator,0,10,0%,54.2
hectare to acer,0,10,0%,55.2
hectare to acre calculator,0,10,0%,56.3
land development cost,0,10,0%,56.7
1 hectare to an acre,0,10,0%,56.8
iec 62305 risk assessment calculator,0,10,0%,57.2
inverter calculator,0,10,0%,57.9
rdp bandwidth calculator,0,10,0%,58.1
subnet cidr calculator,0,10,0%,58.8
subnetting calculator cidr,0,10,0%,59.9
battery storage calculator,0,10,0%,63.1
lighting calculations,0,10,0%,67.9
wire size calculation formula,0,10,0%,70.5
compute pricing,0,10,0%,72
how to size a circuit breaker,0,10,0%,73
generator sizing formula,0,10,0%,74.1
single phase voltage drop calculator,0,10,0%,76.2
real estate return on investment calculator,0,10,0%,77.9
solar panel power calculator,0,10,0%,81.4
solar power sizing calculator,0,10,0%,85.4
how much solar power do i need,0,10,0%,88.8
shadow length height tan solar elevation educational source,0,9,0%,2.56
how to calculate escalation over multiple years,0,9,0%,2.78
0.25 acres in hectares,0,9,0%,7.89
price escalation calculator,0,9,0%,8.44
land decimal,0,9,0%,8.56
bangladesh 1 decimal equals 435.6 square feet official,0,9,0%,9.67
1 acre in decimal,0,9,0%,10.11
0.5 ha to acre,0,9,0%,10.33
what is the cost of one acre of land at $2.25 per square foot,0,9,0%,11
0.25acres to sq ft,0,9,0%,11.22
a quarter of an acre in hectares,0,9,0%,11.22
0.20 ha to acres,0,9,0%,11.89
land cost calculator,0,9,0%,12.67
cost to build a subdivision road per foot,0,9,0%,15
land subdivision costs in fort worth,0,9,0%,15.33
1 decimal land,0,9,0%,16.22
land subdivision costs in plano,0,9,0%,16.33
coupon calculator,0,9,0%,16.67
password crack calculator,0,9,0%,17.44
guest wifi password generator,0,9,0%,19.22
relative compaction formula,0,9,0%,19.22
convert ha into acres,0,9,0%,22.33
land development cost per square foot,0,9,0%,22.67
1 acre to ha,0,9,0%,23.78
random password wifi,0,9,0%,28.22
hsl color wheel,0,9,0%,28.33
8 hectares to acres,0,9,0%,29
1 acre in hectares,0,9,0%,29.78
password entropy calculator,0,9,0%,31.56
matrix matrix calculator,0,9,0%,31.78
bandwidth calculator time,0,9,0%,31.89
words count online,0,9,0%,33.22
period to frequency calculator,0,9,0%,34.78
conversion hectareas a acres,0,9,0%,34.89
acres to hectares conversion,0,9,0%,35
excavation costs calculator,0,9,0%,35
acres a hectareas,0,9,0%,36.89
time to frequency calculator,0,9,0%,36.89
wan latency calculator,0,9,0%,37
cladding cost calculator,0,9,0%,38.11
checksum generator,0,9,0%,38.33
1 acre to 1 hectare,0,9,0%,38.44
matrix solver online,0,9,0%,39.22
20 acres in hectares,0,9,0%,41.89
ups power calculator,0,9,0%,43
hectare to acre formula,0,9,0%,43.44
how many words is this paragraph,0,9,0%,43.67
calculating time constant rc,0,9,0%,44.22
cladding calculator,0,9,0%,46.22
data transfer calculator bandwidth,0,9,0%,46.33
countword,0,9,0%,47.33
bandwidth throughput calculator,0,9,0%,47.56
matrix algebra calculator,0,9,0%,48.33
hectares to acres conversion,0,9,0%,48.78
hectares to acres calculator,0,9,0%,50
word count calculator,0,9,0%,50.33
30 hectares to acres,0,9,0%,51.44
ha to acres calculator,0,9,0%,51.67
hectares in acres,0,9,0%,51.89
simplified iec risk assessment calculator,0,9,0%,51.89
check number of words,0,9,0%,54
13 hectares to acres,0,9,0%,54.89
500 hectares to acres,0,9,0%,55.44
how to generate wifi password,0,9,0%,55.44
roi real estate calculator,0,9,0%,55.44
netmask cidr calculator,0,9,0%,55.78
motor calculator,0,9,0%,58.33
ip address cidr calculator,0,9,0%,59.22
cidr netmask calculator,0,9,0%,59.44
estimate land value,0,9,0%,59.89
wcag aa checker,0,9,0%,61.89
motor horsepower,0,9,0%,63.22
cloud infrastructure cost,0,9,0%,63.33
fill dirt calculator,0,9,0%,63.78
wire calculator usa,0,9,0%,65.44
wire selection calculator,0,9,0%,66.56
calculate price per acre,0,9,0%,66.78
power loss formula,0,9,0%,68
solar panel kilowatt hour calculator,0,9,0%,69
earth fault loop calculator,0,9,0%,71.33
commercial generator sizing calculator,0,9,0%,73.78
vacant land value calculator,0,9,0%,74.89
home loan calculator,0,9,0%,75.33
solar and battery calculator,0,9,0%,75.67
investment property roi calculator,0,9,0%,75.89
solar panel calculator kwh,0,9,0%,75.89
cable size calculator usa,0,9,0%,76.67
cable calculator size,0,9,0%,78.22
short circuit calculation,0,9,0%,79.11
how much electricity does a fan use,0,9,0%,79.33
cable selection calculator,0,9,0%,79.56
3 phase voltage drop calculator,0,9,0%,80.33
electrical cable calculator,0,9,0%,81.67
rental profit calculator,0,9,0%,82.89
5 sotok jomi koto katha,0,8,0%,1
text reversal puzzle,0,8,0%,3.12
"a farmer plans to divide his 468-hectare property into 12 equal-sized 
paddocks. what is the size of each paddock?",0,8,0%,4.25
cost to build a subdivision road per foot calculator,0,8,0%,4.25
soil compaction ratio,0,8,0%,7
"""class: toolsbox"" ""method: counttools""",0,8,0%,7.88
how much does it cost to subdivide property,0,8,0%,8.12
capacitive reactance formula xc = 1/(2πfc) authoritative,0,8,0%,8.38
how much does subdividing land cost,0,8,0%,8.75
"""shadow length of the path on the ground"" ""10√3""",0,8,0%,9.62
how many decimals in 1 acre,0,8,0%,9.62
content reverse,0,8,0%,9.88
1 acre how many decimal,0,8,0%,10.75
1 acre = decimal,0,8,0%,11.25
how much does it cost to subdivide land in pa,0,8,0%,12.5
land subdivision costs in corpus christi,0,8,0%,18
clock frequency calculator,0,8,0%,18.38
discount tax calculator,0,8,0%,19.75
daily wifi password generator,0,8,0%,20.62
online wifi password generator,0,8,0%,21.88
bmi calculator onlinelibido,0,8,0%,23.38
router password generator,0,8,0%,24.12
acre to hectarea,0,8,0%,24.75
power of motor formula,0,8,0%,26.38
calculate acres to hectares,0,8,0%,28.25
sale calculator,0,8,0%,29
word limit count,0,8,0%,30.62
1 hectare into acre,0,8,0%,32.5
count of words,0,8,0%,34.12
keyword density checker small seo tools,0,8,0%,35.88
acres to hektar,0,8,0%,36.75
seo tool keyword density checker,0,8,0%,38.62
word count software,0,8,0%,38.75
conversion hectares to acres,0,8,0%,39.62
bandwidth usage calculator,0,8,0%,39.75
100 acres in hectares,0,8,0%,40.25
acres to a hectare,0,8,0%,40.25
20 acres to hectares,0,8,0%,41.12
token calculator,0,8,0%,41.75
workd count,0,8,0%,41.88
1 hectare acres,0,8,0%,42.88
ups size calculator,0,8,0%,43.5
calculate down payment,0,8,0%,44
transfer rate calculator,0,8,0%,44.38
down payment estimator,0,8,0%,44.62
network data transfer calculator,0,8,0%,45
how many acres to the hectare,0,8,0%,45.12
hectare to acre conversion,0,8,0%,45.25
30 acres in hectares,0,8,0%,45.5
bandwidth cost calculator,0,8,0%,45.5
2 hectare to acre,0,8,0%,46.62
calculating the time constant of an rc circuit,0,8,0%,47.88
ups backup,0,8,0%,48.12
wan bandwidth calculator,0,8,0%,48.5
1 acre to square feet,0,8,0%,48.62
efficiency calculation,0,8,0%,49.12
bandwidth vs speed calculator,0,8,0%,49.38
risk assessment lightning protection systems,0,8,0%,51.12